<?xml version="1.0" encoding="UTF-8"?>
<modification>
	<code>remove_ads_from_admin</code>
	<name>Remove Ads From Admin</name>
	<version>1.0</version>
	<author>Eszter Pálmai</author>


  <file path="admin/controller/extension/extension/*.php">
    <operation error="skip">
      <search><![CDATA[
        $data['promotion'] = $this->load->controller('extension/extension/promotion');
              ]]></search>
      <add position="replace">
      <![CDATA[
  //    $data['promotion'] = $this->load->controller('extension/extension/promotion');
      ]]>
      </add>
    </operation>
  </file>



	<file path="admin/view/template/extension/extension/advertise.twig">
    <operation error="skip">
      <search><![CDATA[
        $('#blockerError').toggle($("#wrapTest").height() == 0);
              ]]></search>
      <add position="replace">
      <![CDATA[
  //    $('#blockerError').toggle($("#wrapTest").height() == 0);
      ]]>
      </add>
    </operation>
	</file>

</modification>
